# generated by janus build-host; see the accompanying YAML for the source
CTG	70457
GAA	52487
GCG	44884
AAA	44487
GAT	42223
ATT	40295
GGC	39358
CAG	38242
ATG	36976
GTG	34961
GCC	33862
ATC	33274
GGT	32786
CCG	30942
ACC	30779
CGC	29290
TTT	29257
AAC	28429
CGT	27844
GCA	26785
GAC	25267
GTT	24278
GAG	23403
AAT	22999
TTC	21857
TAT	21360
AGC	21198
GCT	20353
TGG	20194
CAA	20143
GTC	20058
ACG	19118
TTA	18062
TTG	17842
CAT	16834
TAC	16101
CTC	14720
GGG	14557
CTT	14515
GTA	14505
AAG	13567
CAC	12869
TCG	11812
ACT	11782
TCC	11388
AGT	11374
TCT	11117
CCA	11036
GGA	10407
TCA	9278
CCT	9147
ACA	8992
TGC	8462
CCC	7187
CGG	7018
TGT	6767
ATA	5531
CTA	5035
CGA	4657
AGA	2521
AGG	1465
